text,label_raw,stars,char_length,word_length
"I am from Houston, TX and the only similarities are the queso and the restaurant design. I got a taco and enchilada and the taco was good but the enchilada was terrible. I can't even describe how it tasted besides bad. The waitress was really nice. Keep them, change the chefs.",1,2,277,51
"This company was a nightmare to work with. They initially started the work on the pool replaster and spa addition promptly, in order to collect the first two payments, but that is when the work pretty much stopped. Nothing got done for weeks. When work was done, it was unsupervised, and thus some things needed to be redone multiple times to get them done right, such as moving the PVC pipe covered utilities away from the pool, where the workers had placed them sticking 3 feet up from the ground, right next to the spa. It took two times before they placed behind the fountain where they could not be seen. They also had problems tiling the fountain backsplash, and when they had to tear it up, they put all their garbage in my recycling bin. Fortunately I noticed it, as I am sure I would have been fined by city of Scottsdale  had I not. He very reluctantly came to empty the can, and seemed to think it was quite unreasonable for me to ask for him to do that. The last straw was when they dug the gas line. He did not supervise or use a locator service and when I returned from my trip, I found power outages all aver the house. Turned out that they had hit an electrical conduit, and damaged it so severely that it pulled wires out of the wall on a sub panel. Then instead of owning up to it, they covered it up. Bill of course was right there trying to collect his final bill before this damage was discovered. I refused to pay it at the time because the yard was left a total mess. When he saw the electricians in the yard, he was acting very nervous, and told them that they did not  do anything. It took 3 electricians hours to locate the damage, and when they did, he refused to take any responsibility initially what so ever. I however had all the proof I needed, and eventually he paid about $1,300.00 of a $2,100.00 bill. If you are thinking of getting any pool work done, stay away from this company!\nAnita C.",0,1,1926,364
Every time I've been to this Denny's the service is horrible. I tried it a few times because the first time I went was later in the night so I thought if give it another shot but every time I've gone nothing has changed.,0,1,220,44
It depends on who you get to serve you.  Make sure you ask not to be waited on by Sweaty Waiter. It is so gross to watch the sweat drop off this guy.  He is so sweaty that he constantly has to push up his glasses.  One time I told the manager about him and told him he shouldn't be waiting tables.  The manager said his hands were tied because Sweaty Waiter was a friend of the owners family.  I told him that the waiter was disgustingly sweaty and he needed to towel off and have extra shirts.  The manager told me he does towel off and change shirts but it doesnt help.  Then later he sent him home and told us he was sweating more than usual because he wasn't feeling well. So gross.,1,2,686,135
"My date and I decided to try something new and stopped at The Lodge for Happy Hour.  We were really pleased with the prices, and all the bartenders/servers seemed really friendly.  And the deep fried cheese curds were to die for!  (I am from Wisconsin, after all.)  However, the bar stools are INCREDIBLY UNCOMFORTABLE.  We didn't stay long, but thought we liked it enough to try it again...at a table next time.\n\nP.S.  We couldn't decide whether to Yelp about the so-scantily-clad-it-was-almost-inappropriate server.  I mean, I know it's a bar and she's working for tips but...geezuz....it made us look around the bar for her pole.",2,3,634,104
Yes the pizza is the best in the burgh.  But don't don't forget the wings.  They also have the best wings in the burgh.  They don't deliver.  They don't have to.  I'd drive for miles.,4,5,183,35
"Well I went in here looking for gifts for others, but only came out with stuff for myself....hummmm something is wrong with this picture! \nI love Ross stores, I shouldn't have even started looking for stuff for me, it get's me every time!",3,4,239,43
"I don't understand why the ratings are so low at this Red Lobster.   Had the shrimp and the rock fish.  Both were prepared well.  The piece of rock fish was much too small for my husband. That needs to be worked on.  I noticed that the baked potato got smaller.  That's OK--maybe my waistline will too.   The garden salad was mostly iceberg lettuce with chopped tomatoes, chopped cucumber and one red onion ring.  I would have added two black olives and a few garbanzos to make it look like real salad---variety.  But I don't think that it is Red Lobster's formula.  Chain restaurants follow a formula and recipe on everything for consistency.  But I suggest they rework their salads to include some rocket greens along with iceberg.  The shrimp were fried perfectly and not greasy.  I noticed they don't offer an extra round of their DELICIOUS biscuits---my waistline appreciates it.  The cocktail I ordered was more a blend of juices than any alcohol.  Before ordering it I asked whether it would have enough alcohol and Pattie said yes.  Well it didn't and that's why I taking off a star.  A cocktail should make the drinker feel good and enjoy it.  I basically ordered a glass of mixed juices.\nI liked our waitress (PATTIE)  she was very helpful with my husband's order....OOPS, did I forget to say that they were out of Cod?   My husband went there specifically for the cod since he does not eat shellfish and the last time he didn't like the flounder.  So he ended up having to settle.   So I am taking off one star for no COD and for the alcohol-less cocktail.  Otherwise the food is OK.  \nThanks, Pattie.  You were really helpful!",2,3,1640,287
"It's just not that good. We initially told the waitress that we only going to order appetizers and desert. My code for \""we read on Yelp this place sucks, but we wanted to give it a try\"" to which she replied they don't alow that but I will let it slide. The food could have come from a buffet and been better. I hate to be super negative, but in this case I am just being real.",0,1,378,77
"My husband and I stayed here over the holidays as we were visiting family and needed a private retreat to escape to at the end of the day...This place is such the decadence!  Of course there's a price for that but sometimes you just got to treat yourself.  It was also my birthday that week and my husband had made mention of it when booking our reservations..  We arrived about 1:00 in the afternoon..just driving up through the gates are a treat in itself..beautiful landscaping and there is the hotel set up against Camelback Mountain.   You have to stop at a guard who asks you if your checking in and you tell him your name and are let thru.  We decided to do self parking instead of valet because paying 39 dollars a day is not how I want to spend the enormous amount of money I knew I'd be spending on better things like the spa, restaurants, drinks.\nThe lobby is so spacious with marble floors, fountain and lots of windows to view the scenery.  Check in was very fast..the guard must let the front desk know your here as they as our room keys were all ready to go!  When we got to our room I was so happy on how big and modern the decor was..  It's a 600 sq, foot room with a double sided sliding glass which opens to this huge balcony with two chairs, a table and a long lounge chair..  We had got the highest floor (4th) with a pool view..ask for that if you ever go as it's the premium view..\nThere was a bottle of champagne chilling on ice with two glasses (compliments of the hotel) for my birthday and a card welcoming us.  The bathrooms are all done in marble with a sunken tub, full sized tolietries from their spa (Eucalyptus/grapefruit) and two big fluffy robes hanging up next to the tub.  A CD was playing some classical music, I guess to set the mood for the elegance and I'll tell you, I did not want to leave the room EVER!  \nWe ate a few times at \""The Terrace\"" which you had a choice of indoor or outdoor dining.  great food and excellent service.. The only thing I didn't enjoy was the many families with a lot of kids who dined there..very noisy at times..but then my husband and I are child free by choice so I guess we get a little grumpy when we are around misbehaving kids.  They also have a lounge and at night you can sit out on a high overlook, with fire pits for a chilly Arizona night and have some very tasty cocktails..  We also used the spa one day, my husband had a massage and I just used their sauna, steam room, whirlpool and the meditation garden sipping some herbal teas..I loved it!  They have over 5 pools scattered around the place, at night we went swimming and then used their enormous hot tub!  I can't wait to go back to this place..it's worth the extra money to be treated well, and to have a relaxing time...",3,4,2767,522
"I have been wanting to try City Tavern for a while now. I feel as if I should have tried them years ago. It almost seems as if the restaurant may be cutting corners. The food is subpar. Most of what I had was previously frozen. My egg roll was cold in the middle and the calamari was incredibly chewy. My \""sushi grade\"" tuna was pink, not red. It was basically over priced bar fare.",0,1,383,75
"Not bad, but no great shakes.  The \""large\"" pulled pork sandwich was hefty, but kinda bland.  Lots of sauce helped.  Sweet potato fries were underdone and way too cinnamon-sugared.  Service was indifferent.  You can get better barbecue in plenty of places in Phoenix.",1,2,268,43
"So the secret is finally out!- I was wondering when a yelper would discover this little gem and it's time has come :) \n\n I came here in October of last year when Kim's had just opened- they are absolutely lovely here and even gave us a few extra dishes since we were newbies to Korean food and they were newbies in Edinburgh. They take proud in their food, everything is home cooked and if you do decide to divulge in this small establishment I strongly recommend you book in advance ! They even often less hot dishes for the weaker ones like myself.\n\nDefinitely a must!",4,5,574,106
"Customer service sucks. They say one thing & do another. If your looking for a good gun shop in henderson, go to spurlocks. \nNever again will they have my business nor the rest of my families that went there.",0,1,209,39
"I had the pleasure of being exposed to Kaleidoscope even before it was named. I have tried many of the juices that are made by them everything is Ammmazing... If you are looking for health improvement take a \""Juice Cleanse Challenge\"". To be honest Alexandra (the owner) may not even know what that means but just tell her Rich said do a Juice Cleanse and she will set you up..\n\nWell worth it!",4,5,396,72
"Disappointing. Went here today; service was  all over the place. We got our sushi first, miso soup second and appetizers last. Be cautious; spicy tuna is my staple but they use bone scrape tuna and that is low grade, gross tuna flake meat scrubbed of the bones. The king crab came out half filled with rice and it was $6.50. Don't cut corners and jip customers. We won't be back, there are better quality places around the valley.",0,1,430,78
"We went here before going to the airport on our last night in Vegas.  Food was just okay, but the service was TERRIBLE despite it being a slow Monday night.  The waiter was young and inexperienced (and since we were a party of six gratuity was already added so he must have thought he didn't need to try hard).  It wasn't until after I got home and checked my bank statement did I see that he had helped himself to $103.00 tip.  My receipt shows a bill for $33.00.  After calling the manager several times with no response, I will be filing a fraudulent claim with my bank.  Just thought I would let fellow diners know that there are so many better options on the strip and customer service here is severely flawed.",0,1,715,133
"Service was okay.\n\nFood portions were good for the price, but the food itself sucked. \nThe chicken didn't taste like meat, and the spicy eggplant wasn't spicy. The fried rice was okay, but didn't taste like much either. \n\nSkip this place.",0,1,243,40
"Always a great place to bring our little one (4 years old) Games are Fun, pizza is always great. Prices haven't changed much over the years. Highly recommend for anytime of day and any occasion.",4,5,194,35
Excellent customer service.  Owner can answer all your questions.  Lots of different types of species.  You need it this store has it or can you help you find it!,4,5,162,29
"For my husband and I...Queens is a solid 3 star pizza place.  We showed up at 12:15pm on a Tuesday to order some quick slices of pizza & a salad (2 of their lunch specials).  \n\nThe staff was friendly.  But upon ordering our 2 lunch specials, we encountered a problem....no pizza to be seen.  They literally had 2 odd veggie/pineapple slices sitting there.  We asked if they had any in the oven and were told \""nope\"" & that they would put in whatever we wanted - it would be about 15 minutes.  I also ordered a spinach/gorgonzola/raspberry vinaigrette salad.  The salad was huge for the price - it was 100% baby spinach, sliced cucumbers, sliced tomatoes, gorgonzola & dressing.\n\nAs we sat waiting for our pizza, others came in to also order lunch specials - they too were told that a new pizza needed to be put into the oven and it would be about 15 minutes.  After about 10-15 minutes I asked if I could have my salad while we waited (it was sitting behind the counter anyway....why not just pass it over to me?).  \n\nFinally about 15+ minutes into our wait we get to taste this amazing pizza I have heard all about.....drummmmm roll please.......the result was \""meh\"".  Dont get me wrong - its not bad at all....just average.  The sauce was a little on the spicy side (I know my little one wouldn't have like it) - hubby even asked if I put pepper on the slices. \n\nMostly the 3 stars reflects the wait for the \""lunch special\"".  Most pizza joints have pizzas ready & waiting for you so you can grab & go.",2,3,1516,276
Id never use them again first of the Unprofessional driver that came to my house didnt want to do here job she kept on makn exscuses about parking and power not my problem and there was plenty of parking my Himalayan Persian if u can believe what that is in the pick got brought back to my door with her hair hacked of in patches long in sm places short in others all wrong i work for huge cell ph company and  ill be sure to share this Experience in front of 10s of thousand co workers when your dealing with peoples animals those are there kids u wouldnt bring sm ones kid home soking wet then to add Insult to injury the cut was 65 with a 15 traveling fee i gave that lady 100 she gave me back 15 like i was sm domb ass id never give a tip for such a horible job custermer care girl on ph did apologize and offer to send another person to fix what that machanic lady who should be only washing cars not cats Unfortunately my cats to screw up to be fixed id rather just let her hair grow back verses puting her threw that shit again,0,1,1034,208
"I joined the crew last night for the HH organized by the fabulous Christina P. Although it was my first visit and I generally like to sample a place a few times before reviewing, there were so many of us there that I felt that I had gotten a pretty well-rounded experience and had enough information to provide input. \n\nPhoenix is known for its host of strip mall restaurants, but few can actually transport you to another place. The restaurant interior is a mix of kitschy Italian and moderately nice mainstream. The main patio is actually about the same size as the restaurant interior and is flanked by two cute NYC street scenes (think universal studios city scene) with each window telling a different story and the Statue of Liberty holding court. Very quaint! The back of the patio is taken up by a complete bar. The fire pit that others have mentioned is situated in the middle. The patio is clearly the place to be at this venue!\n\nService was spot on, which was unexpected for such a large group. I have to echo Georgie S., the bartender seemed to single handedly (with the exception of bussing support) kept our brood quenched and fed with no errors. He asked each guests name upon their initial order and remembered them throughout the remainder of the evening. No simple feet, if you consider that we had at least 20 people in our party and he was also serving the numerous other guests that shared our al fresco setting.\n\nThe manager Matt, came out to thank us for coming by and informed us that there is a separate patio in the back to accommodate private parties/functions. What a divine setting for almost any family or business gathering!\n\nIn addition to the ambience and service, there is the food... Oddly one of the best things of the evening was the free appetizer provided to each table, which consists of bread and a parmesan/pesto dipping sauce that is so infused with garlic that its sweet fragrance swirls in the air. Now as Bacon B. points out, this will stay with you (i.e.: if you are on a date, you should both eat some) but it is seriously out of this world! I also really enjoyed the bruschetta, which is a classic take on the dish in every aspect except size. More often than not you will receive four or six small slices of toast with some tomatoes and basil carefully assembled on top, but not here... instead you will be served a small flatbread mounded with fresh hand cut tomatoes, chiffonades of basil and more of that dreamy garlic.\n\nI was also able to sample two of the new pizza offerings. The Roberto's (ironically offered up by the fabulous Robert M.), which was set off by a sprinkling of pepperocinis offering just a little kick, and the White pizza which had more of those rich garlic undertones. Although I enjoyed the toppings on each of the pizzas, I was left wanting more from the crust. Both were uniform in size and shape and a little on the tough / dense side, which made me wonder if they were not made in house. That said, it was not enough to detract from the overall experience and I will definitely be back in the near future.",3,4,3095,556
"Awesome place.  Awesome deal for locals.\n\nThis place has great prices on blowouts and the fact that it's in Townsquare doesn't hurt!  My friend and I had blowouts and she also had her eye makeup done.  At first I thought it was a little pricey just for eye makeup...until I saw how good it looked.  I can't remember her name but this chick is INCREDIBLE.  Seriously.  Her eyes still looked just as glam the next day (and yes, she definitely rocked that same makeup the next day at the pool)!  \n\nI'm definitely going back and next time I'll have my makeup done too!",4,5,568,102
"Came excited that a cupcake place is just by the house as I love cupcakery, but thats a little ways away. \n\nGot red velvet (one of my favorite kinds of cupcake) and carrot and they had these pupcakes for dogs that was apple cake with a dog bone cookie in it ($1). \n\nCarrot was good and moist enough, but felt it could use a little more. Red Velvet was a real disappointment....it tasted off/spoilt and it also tasted kind of plastic-y...wtf? The creamcheese frosting tasted okay and wasnt spoilt so I dont know what the hell was up with that cake. We took a bite and we threw them away- glad we got only two of each flavor to start. Still sad that 4 people had to share 2 cupcakes for dessert.\n\n Now about the pupcakes.... my dog and my mother in laws dogs wouldn't eat them. It was kinda odd, specially from my mother in laws fatty that ate everything. They took the dog cookie off the top and left the cake alone. Fatty Masie only ate a bite when we coaxed and hand fed it but he didnt pick up the rest from the floor for a second bite. They already slobbered on them or else I woulda tried a piece to see if something was wrong with them. \n\nTo be fair maybe I'll try another cupcake...but I'm far more inclined to go same Retro bakery down the street with their higher ratings. Seems like at their best this place will just be A-Ok, I want more than that for my $2.50 and will just go to Cupcakery which we pass by every weekend to get to my mother-in-laws, but I have a feeling I'm going to love Retro Bakery as well.",1,2,1529,294
"Excellent food, drinks, service, and ambience. I have not been let down by a dish yet. If you've never been here, I'd highly recommend that you try it. You won't be disappointed.",4,5,178,32
"I just completed a trade in for a new watch. I couldn't have asked for better service or better value. if you're looking for a new watch, this is the place.",4,5,156,31
Food was enjoyable and there was plenty. I just hate when restaurants cheapen the quality of the meat. The steak used to be actual steak but is now a cheap philly steak type of thing and charging for the sauce that used to be put on the food is a bit much as well.,2,3,264,54
"I have visited three times now for three different purposes and I am confident that the yelptariat is correct in its average of 3.5 stars.\n\nFirst time, I came for a quick bite and meeting. It was just okay, but this was also over a year ago. Then, last spring, I came for a working lunch that the \""working\"" portion was over before the appetizers were even cleared from the table. It took forEVER to get our food. We were there for probably 2.5-3 hours in total for what should have been an hour and a half meal, tops. I had the chicken sandwich, which was seriously lacking in flavor, but huge in portion. If food is gross, who cares about how much you get, you know? \n\nThe last visit I made was with my girl Dana. We sat at the bar for happy hour and this was the best visit of them all. The drinks are truly magnificent (I had never drank here before) and on the happy hour menu, some are half-price, giving you what is truly worth the $15 for $7. \n\nWe got some appetizers--mac and cheese, oysters, and pork fries--which were all pretty decent, save for the pork fries. Some of the pork belly was the delicious, fatty, tender kind, others was tough and gross and chewy and frankly, not fit for human consumption. I evolved to have less sharp teeth than a dog for a reason and I can't gnash through that shit. \n\nI'd like to try the dinner menu sometime--the view is great, the atmosphere is too--but I think that three visits suffices. It's just okay, but it's not the best thing ever on the Strip.",3,4,1509,281
Very brisk for Christmas lunch. I strongly recommend reservations. It is very humourous that they would turn us away when the place was empty when we walked in (see picture). But clearly a popular place and by the time we left every table in the place was full. \n\nWithout a reservation in busy Christmas lunch season I would recommend a reservation for anything more than 2 people. We sat at the bar.\n\nExpensive lunch:\n$10 soup\nLunch special $19 soup and pasta\n\nFood was ok.... one of my colleagues had to send the lunch special back and the meat was raw. To their their credit they did check shortly after the first bite and were quick to bring a new plate out.\n\nI have great respect for restaurants that have staff that can recognize a problem quickly. I think this was reflected in the tip.,2,3,803,140
"overpriced over-the-counter candy.  also, my daughter saw the hello kitty pre-packaged candy (she's 2 years old) and started fiddling with the containers. not banging around, not throwing.  she would take them out of the box then put them back in.  yes, it's probably mildly annoying. but she's 2, and it IS a candy store. \nemployee came and reprimanded her.",0,1,359,59
"Apparently, I am in the minority with my opinion of this place.  While the coffee is good, it shouldn't take 20 minutes to process my order.  I don't care if they are personally flying to Columbia right after I order to hand pick the beans right before they make it...20 minutes is unacceptable. \n\nAnd then when I place my order, I shouldn't be insulted by the guy making it.  Yes, I asked for non-fat milk.  I didn't ask you to put Ketchup in my drink, I asked for non-fat milk.  Don't treat me like I am mentally challenged.  I weigh 165lbs, do you really think I order non-fat because I am concerned with my weight?  No business should EVER ask a customer what the point of their order is the way this dude asked me.  \n\nI want to like this place, I do.  The atmosphere and location were great, and the hot tattooed blond sitting at the counter was fun to flirt with (I think she could tell the guy annoyed me).  So for this, I will give it another shot.  A lot of the people I know rave about this place.  Maybe I just hit it on an off day.  If I get the same attitude the next time, I might drop trough mid store.",1,2,1121,216
"ll the items on the menu sounded good, but nothing jumped out as \""must try\"". Our dinner reservation was at 8:30, but we got there early. The bar seats were all taken and the area didn't seem inviting so we went elsewhere for a drink. We got back at 8:30 and got seated at a dirty table. We ordered a sangria which was not great (I'm kind of a sangria snob). It was very  heavy on brandy or some other sweet liquor. We ordered the Tortilla Espanola and Artichokes and Clams, but they were both sold out. We ended up with the Spinach and Goat Cheese Croquettas, which we liked. We also ordered the Gambas Al Ajillo (shrimp had great flavor), Calamari (ok, but lay off the mayo (aoili) served with all seafood), and Pollo Colonial (was the best). The portions were not small, but for the price, I'm not sure we were greatly satisfied. Overall, the experience was only ok.",2,3,870,161
"Our us airways flight from Santa Barbara to Phoenix was on time, smooth, without delay and renewed my faith in the idea of flying versus driving, etc.   \n\nHowever, my return flight shook my faith in this mode of transportation. We arrived to check in at sky harbor only to be told that it was too late to check in.  Our flight was for 5:49pm. It was 5:10pm.  We were told by our eye-fluttering attendant typing at the keyboard with a fake smile that we needed to arrive at least 45 minutes prior to departure.  We lost are already paid for seats.  Resisting the urge to grab him by the neck and bang his head on the counter to see what would fall out, I politely asked for options which he responded with two: 1) wait until 9:00 pm to fly standby 2) or depart the next morning at 8:30am.  Not wanting to wait fora hours to see if we could board an oversold flight, we chose the latter option. \n\nWhen we arrived in the morning to a chaotic crowd of passengers, there was little direction by us airways employees.  Instead they only contributed to the chaos by giving vague directions.  They wouldn't last five minutes in my classroom.  Clearly some employee training is overdue here. \n\nWhen we finally checked ourselves in, we faced gates changes, delays due to maintenance, and an ever increasing amount if disgruntled travelers surrounding us.  I'm glad it's over.  No more US Airways.",0,1,1392,247
"The \""R.J. Review for Best in Las Vegas\"" stickers aren't theirs, it belonged to the restaurant that was there before them and I assume they leave it up to scam people into thinking their quality is good.\n\nI came in here and sat down, no one greeted me or came up to me, I was the only person in the place and there were clearly atleast two workers who noticed me and ignored me. Waited about 2 minutes before walking out and going across the street to get sushi. I guess this place doesn't like making money.",0,1,511,96
"Hawaiian BBq at its best. Love their hawaiian food and especially their chinese food. They have many selections to choose from the famous loco moco to salt and pepper shrimp and more. Big food portions with great taste. Nice and clean place to eat. Cooks are very good at producing great tasting island food and chinese food, best of both worlds. Good eats for good prices.",4,5,373,66
"Solid persian food.  Have the beef platter - it comes with some kind of ground beef and sirloin on skewers.  Served on a bed of saffron rice.  Its all very delicious, and even better the next day.  $20/plate, but you can share between 2 people and be full.  Love the complimentary pita bread!",3,4,292,53
"We came here on a regular basis until they started wrapping our three rolled tacos with cheese and guacamole in paper rather than the little black boxes that always came in. Now the guac I get charged extra for, is all over the paper and not on my tacos. I'll go elsewhere moving forward.",1,2,288,54
"This place is such an easy target, its like piling on the fat, pimply kid in high school.  Here's what you need to know\n\n1.  Girls in uniform with things out that you can sadly and quite accidentally observe\n2.  They have hamburgers, hot dogs, and beer\n3.  Beer is PBR or the Champagne of Beers.  No other choices.\n4.  Diner style seating, long high tops, patios with umbrellas\n5.  Three high quality HD LCD screens in a decent, elevated spot.\n6.  There will be some shiesty characters present. \n7.  Don't go here with your girlfriend.\n\nTheir screens and ironic selection of beers earns 'em two stars.",1,2,611,100
Used a groupon prepaid copon for dinner.  Service was very good; after that not so good.  Food was luke warm and the salad was just average.  The Gyro plate was greasey and bland.  For $9.00+ it should have been much better.  I have had Greek food at many places and this one is at the bottom of the list.  I would pass on this one.,0,1,332,65
"It was hot outside, but cool inside. We went for an AYCE lunch and enjoyed every bite. The service was fast and friendly. This is no non-sense eating establishment. Most of the clientele with the exception of yours truly were locals. The experience was good, presentation of the food was nice and everything was fresh. We will be back. I have the feeling that if you go for dinner you better plan on waiting cause this place is a local favorite.",3,4,445,81
"I'm surprise they are still around since Lululemon has been forced out of cities (such as in Cambridge, Ma) by its citizens or forced to close their doors because of lack of profit.\n\nLululemon is a sexist and racist company that fat shames their own customers. They exploit their employees in the Us and abroad.",1,2,313,54
"Walmart is known for it's stellar customer service where the employees are knowledgeable about the products .... Ohhh wait I must be hallucinating.  Waited and waited at the electronics counter for help. There was three employees standing around doing nothing so I went and asked them to get some help.  A young lady tells me an associate will be right with me and points to him.  There's two guys helping one lady in the printer section.  Eventually she goes to get his attention that I am waiting at check out, so the associate arrives looks at my girlfriend and I and helps another person first who just walked up to the counter that moment!  Rude people didn't even concede the first place position to us even though everyone saw us standing there. I said screw this even though you aren't supposed to take electronics products out of the area I started walking to be checked out by a less rude employee.  As I'm starting to leave the girl who I originally approached to ask for help offers to ring up our order after she sees that the other associate turned his back to us.  Then as we're about to exit the building two employees are locking one of the entrances up for the night shift. Right as we're about to walk out they close the doors and tell is to go the other way even though we saw the doors were still open as we were approaching. After some negotiation the door was opened and I left to get as far away as I could from that forsaken building of shameful service. This was one of the worst customer service experiences I've ever had and I know customer service I was a food server for 3 years.",0,1,1609,297
Sound is a bit bouncy & shrill here. SouthPoint south-most bar has great football sound.  From Super Bowl Sunday...,2,3,115,19
"First time eating at this location....their service and food is consistent with any other location I've eaten at. \n\nWe sat at the bar, avoiding a 45 minute wait for a table, on a Saturday night at 5:30! They have call ahead seating, but we decided to stop in last minute.\n\nI like bar service myself, because there is someone there all the time, you never have to wait for a server to stop by.\n\nTheir infamous bread and cinnamon butter were gone in seconds....but a second helping would have been too much, because we ordered their crazy delicious fall of the bone ribs for an appetizer. Seriously, these ribs, no matter what, are hands down THE most delicious. I am not a fan of BBQ, but the sauce is toned down, smokey, not tangy.\n\nI ordered the 6oz sirloin, medium rare, with a side Caesar salad and baked potato. Steak was amazing! Quality and taste are out if this world. My husband had the country fried sirloin steak with gravy, house salad and green beans. I wasn't a fan of his entree because it was fried and had gravy, but he said it was delish. The green beans were cooked with bacon..I did not like at all, but he finished the whole thing!\n\nNo dessert for us, because in all reality, their dessert menu is boring, but after all that food, who wants dessert anyway.\n\nAtmosphere is super loud and the bar was a bit over the top with some heavy handed drinkers. I prefer the atmosphere at the Peoria location, but none the less, had a great time :)",4,5,1469,265
Toyama Express is really good. I came here for lunch a couple of days ago with a client. It is essentially a walk-up counter and then they bring your good to your table. There is a huge lunch rush about noon so be prepared. The food still came out fast.\n\nI got the steak and scallops. The meat was very tender and cooked perfectly. The orange sauce on the side was excellent for dipping the meat and seafood. I also mixed it in with my rice. The service was excellent. Patio seating was pleasant. Excellent value for the price. I will be back again!,4,5,551,103
"This has always been my 'go to' place to buy the most awesome, authentic flour tortillas.  I always  bought them fresh, still warm at times.  I have often served them at my  home and have sent many friends to shop there. Yesterday, I raved about how wonderful they were to a total stranger and we both bought 2 packages from 'the fridge up front'.  I was so so very disappointed and if the person I 'sold' them to reads YELP, I apologize. They were dry and stale.  Steaming them made them somewhat edible, but.....\nWhich leads to my next review....\nI was so excited when they opened their restaurant as they sell  such tasty tacos on the street.  I have been there 3 times.  First off, THE  BEST margarita!  Food ok but service......horrible!!  The most efficient wait staff appears to be a 10-12 year old boy who has made our guacamole and aims to please.  When we were there over the weekend, the waiter outside  could do nothing more than tell us how busy he was and how he had to take the steps with each order. He got our salsa order wrong so needless to say, we left. \nThis makes me sad to write this. Did they bite off more than  they can chew?",1,2,1154,213
"One of the better Primanti Brothers.  When you go into this place you really get the feel of what Primanti's is supposed to be.  Nothing fancy, just some basic tables and an menu of the huge Pittsburgh sandwich with choice of meat/cheese and fries, coleslaw, and tomato in the sandwich.  It's huge and hard to eat but delicious and a must try if you've never been to Pittsburgh.\n\nOne nice thing about this location is that it has just been remodeled a bit everything in the kitchen area looks really clean.  Don't worry, they did not make anything fancy though, you still get that Prmanti's feeling when you walk into the place.\n\nThe manager at this location also took the time to personally great our table.  Nice touch!",3,4,725,126
I love Capriotti's... Just not this location. Dirty restaurant and employees that looked like they were hired right out of a homeless shelter.,1,2,142,23
Bad service altogether,0,1,22,3
Kinnaree is a 3.5 for me based on a few reasons. It was very dark in the restaurant; the yellow curry was too sweet and watery; the pad kee mao was pretty bland.\n\nI will still be back because I like the fact that they have brown rice and the quality of food is good.,2,3,268,54
"Beer was great, atmosphere was great, food was great.",3,4,53,9
"Absolutely love this place! The owners are super nice and always greet you when you walk in. They always offer water and make sure your comfortable. The pedicure chairs are very comfortable and relaxing. I've been coming here since they opened and I absolutely love it. I always get the same thing, but they always do an amazing job.",4,5,333,59
"This is my new favorite pizza restaurant. I must say the pizza is better than Metro. The pizza is very d-e-l-i-c-i-o-u-s. It doesn't have that fake cheese taste. As I am writing this review, my boyfriend is considering picking up pizza from here. We eat here at least once or twice a week. My favorite the cheese pizza, great price. Highly recommend trying this place out. Spread the word about this restaurant.! You definately will not be disappointed.",4,5,453,78
"Well... I would maybe have been inclined to give Chez Claudette a higher rating if it hadn't been for the following....\n\nordered a poutine classique to go, and then because it was pouring rain decided to eat it inside by the front door.  Even though the place wasn't busy, our french quebec waitress told us that \""next time we order it to go, we have to eat it outside\"".\n\nthe sauce also kind of tasted like thick canned poutine sauce.  \n\nit was still a delicious poutine and we ate the whole thing.\n\nOur small poutine was around $7.  the same price as any other poutine spot.",1,2,585,103
"The food and drinks were great, but the bathroom situation is horrible -- at least in the women's bathroom.  The \""stalls\"" are only about waist-high and thus, are pointless -- as soon as you step in the main door, you can see everything that is happening in any of the \""stalls.\""  When the door is open, guys going into the men's room can probably see everything, too.  Obviously, none of the women in the restaurant were very excited about this, so there was a long line for the single-use accessible bathroom.  I would only go if I had a friend to come in with me and guard the door.  This is the WORST idea ever -- its one thing to go to the bathroom in the open when you're camping and eating spam, but its another thing altogether when you're paying for $12 cocktails.  NOT OK.",2,3,784,146
this is a great place for those who enjoy looking at art and an alright place for a student like me to learn about art as a requirement for class. \n\nThis gallery was by far... the most attention grabbing because of its electric show... although I didn't understand the concept of it all... I really enjoyed my time there... I got some great photos from the trip... so it was a worth that much :),3,4,397,75
"For those of you not familiar with the area, this plaza is usually dead quiet and has very little traffic. The busiest sections of the plaza are Walmart on one corner and the Rubio's/Saba's/Starbucks strip on the very opposite corner. Ritz is located just across from this fairly busy strip so it seems like it's worth a try. I had a craving for sushi so the hubby and I decided to give this place a try since it just recently opened. \n\nI wanted to love this place, I really did. We arrived yesterday evening (Sunday) at about 5:30pm and the place was eerily empty. There was one other couple sitting in a booth when we arrived and servers standing around talking to one another b/c well, they didn't really have much to do. What makes it worse is that the layout of the place makes it feel even MORE empty since everything seems to be spaced out in a weird way. Maybe when all the tables are full this is a trait that one can appreciate but when empty it just looks a little sad. \n\nI ordered a spicy tuna roll, a salmon nigiri and a masago. I don't think the sushi was bad, per se, but I've definitely had better. The construction of the sushi just didn't look authentic and the texture of the spicy tuna was just not what I'm used to. The one good thing I can point out is that their sushi rice is sweet and sticky just like it's supposed to be. My husband also ordered a philly roll and wasn't really impressed. The salmon got lost amongst the larger servings of cream cheese which, hey, if you're a cream cheese fiend then it may be right up your alley.\n\nAside from the sushi, my husband got an order of pad thai and we were both really disappointed. It doesn't taste bad at all but it seriously lacked flavor and was a bit on the dry side. Again, as was the case with the sushi, it just seemed to lack something in authenticity and flavor that we immediately took notice of.\n\nThe service was not bad although it was a bit slow considering there wasn't much for the servers to do at that time. There are a lot of other menu options that perhaps are more impressive. Unfortunately, we probably won't be going back to test that theory out. In our opinion the food was barely decent and the prices are just OK. This place has lived up to our experience with most Asian fusion restaurants trying to serve Chinese, Thai, Japanese, Vietnamese and every other Asian cuisine under the sun all under one roof....it just doesn't work. With so many unique flavors and styles it's likely that you're not going to specialize in any of them and more likely that all of them will be under par. \n\nBut I'm not a mean person so I do want to point out that this place is brand new and may just be ironing out the wrinkles so to speak. I'd be open to coming back if we hear that reviews are becoming more positive than not or if neighbors/friends have different experiences. SO, if you happen to give this place a try...let me know what you think.",1,2,2941,549
"I'm a huge smashburger fan, but this location lacks customer service. I'm a picky eater (sorry not sorry) so I have a few items I don't want on my burger. The lady was in such a rush she screwed up both mine and my husband's order. Their set up is awkward as far as how you get back to the counter to handle any issues with your burger. It's almost as if you are blocked from doing so. Anyway, when my burger is made right I LOVE how smashburger does it. I just think this particular location could use some help. I highly recommend the smash fries - YUM!",1,2,555,109
"They really struggled trying to understand how to make French style eggs done well.  If you ask for eggs crispy on the outside with the inside lightly cooked, they give you eggs over hard, I needed them over well.  They occasionally get it right.  Having eaten here enough times to tell you, I had to explain it every time to a new person and got a different result each time.  So make sure you need eggs fairly basic styles here, then they can't mess it up.  Nothing fancy here.",2,3,479,89
Mediocre steakhouse - nothing was knock my sock off delicious. Everything was kind of average. \n\nSommelier was spot on\n\nSo many better options to choose from based on pure food in LV. \n\nA reminder to self - to not to go back.,2,3,231,41
I've been wanting to visit this place for some time. Always pass by it and finally did today and it was sooo worth it. I know these Mexican food places are hit & miss in the north valley. There salsa bar was great. The hot salsa is very flavorful impressive. I knew this place would if been pretty good when I saw a grandma in the back cooking. I had two tacos rice a beans. There tacos were shredded beef tacos and the beef was pretty good and the rice was true Mexican rice. The beans were a little salty but still pretty good stuff the cashier guy was supper friendly and the restaurant was very clean and authentic for being in a strip mall. Go check it out! I'm picky about my Mexican food and this place was pretty good. I like to see them around long term so go visit!,3,4,775,152
"I always enjoy a healthy and quick lunch, and honestly the food is pretty good here.  Unfortunately, the service - by the owner and the employees - is horrible and I won't be going back.  \n\nI went to Extreme Pita today with 2 other coworkers at 11:15 a.m.  We were the ONLY one's in the store, so we beat the lunch rush.  However, it still took them at least 10 minutes to make our sandwiches.  I got the veggie pita with a water and chips and it was $10.\n\nWhat really upset me was that I asked for hot sauce on the side.  The owner filled it up not even half way.  I didn't get any sauce whatsoever on my pita, this was all I asked for.  I used the half of a container she gave me, and went up to get more.  She said she would have to charge me $0.59 for additional hot sauce.  \n\nI do think it's outrageous that I couldn't get enough hot sauce for my pita without being charged.  At most establishments, hot sauce is on the table, given at no charge.  \n\nWAY too stingy with the sauce.  You lost our entire party's business over an ounce of hot sauce.",0,1,1059,204
"I have been back here a few more times. When Mimi is not available, I have seen a few other techs. All of them are very friendly, and I leave happy every time! Love this spot! Thanks guys :)",4,5,190,39
"Well, this place is puzzling and I'm not going to save the bad news for last.  They seem to pride themselves on allowing and maybe even promoting smoking.  It's puzzling because the beer selection is extensive.  The menu is above average, as is the food.  Lots of pizzas, sandwiches, appetizers.\n   BUT, who wants to go home smelling like a filthy ashtray?  It would be great if they joined the rest us in the twenty-first century.",2,3,432,75
"I think their patio is great, excellent people watching. It's always full of scottsdale cougars, makes me feel like I am on one of those Real Housewives shows. The happy hour is a great deal. 1/2 off drinks, 1/2 off appetizers. The martinis are very tasty and always come with the shaker so you get a full drink and not a short pour. I wish City North wasn't so abandoned because it looked like it could have been a nice street. I will go back many more times. P.S. Don't forget to check in through yelp on your first visit for a free drink (which could be about 15$ worth if you order it right).",3,4,596,115
"Keep in mind this isn't AC or Vegas.  That said, rivers is pretty nice for what it is.  There are some drawbacks sure, but it does well.  It's laid out nice, has a good selection of table games and slots.  The card room is always has games and the tournament structure is pretty good.  They have lots of free giveaways and plenty of promotions to keep you coming back.  The food is good, the better being Andrews steakhouse and the buffet.   Protip - the champagne brunch is really good. \n\nThe cons?  To start, drinks on the playing floor should be free.  There's no hotel.  There's nothing really live or upbeat.  Friday and Saturday nights should have live bands, dancing, and be really uplifting.  It just doesn't happen here.  It's pretty much all about the gambling.",3,4,773,135
I sent my two employees to class in Las Vegas. I booked one room with two beds for two nights. I called and emphasis it must be two beds because it is for two girls. Later I got two confirmation email which are produced at same time. I thought their system accidentally sent same content twice so I left them alone. When my employees showed up they were told they have two rooms booked and my employees told them we only booked one room and they stayed in one room. One month later I found out Trump charged my credit card for two room for two nights. I called them to argue about it. I was told that even if that was a mistake but I did not catch it and cancel it in time. So they will still charge for two rooms since they were booked.  My point is they do not want to do anything about it and let customer to pay for their mistakes.,0,1,835,167
I love korean BBQ and I love Sura's style concept.  The restaurant is buffet style. You pick the meats and dishes that you wish to have and bring it back to your table to grill. A server will bring you drinks and clean your grill ever so often. \n\nThe food isn't bad but it isn't great. You might find some pieces of meet that are still frozen if you pick from the middle of the tray. \n\nI went to the restroom while eating here and witnessed an employee leaving the stalls without washing their hands only to later see her behind the buffet line serving meat.  True story. \n\nI was so disgusted I wanted to return back to the stall and puke. \n\nSince Sura's AYCE menu is around the same price of the others in town...I'd go elsewhere especially after using their restrooms.,1,2,778,143
Great shop.  I can't 89 agile why anybody would complain about speed of service.  Slow is better when doing mods.  This ain't jiffy lube.,4,5,137,24
"I'm giving it 3 stars because I have hope. Since \""The Daily Grind\"" closed I have been looking for a replacement for my occasional coffee/chai stop. I'm not one to resort to one of the BIG name shops. I prefer supporting the more local ventures. So I stopped in on my walk in to work the other morning. It was empty but I was eagerly greeted as I made my way to the counter. I ordered the large Americano, and waited. As I waited I enjoyed the simplicity of the shop. I didn't see any sweets or treats to go with my java, and then I look down to notice that the espresso machine had a part being held up by a plastic cup that had crushed under the weight of this part and water was dripping on the counter. And I continued to wait. No one was before me and no one right after... \nI finally got my coffee and went on my way. Served very hot, as far as the flavor, ehh the jury is still out. \nSeveral of my coworkers have also tried to give these guys a chance but they have commented on how long it takes to just get a regular cup o'joe. A few of my coworkers have also complained about the sizes offered (the small is pretty small and the large is only medium at the other places). They then are willing to wait in the long line at one of the BIG names. \nAgain I have hope! I will give them at least 3 if not 4 tries...and we shall see...I would like to see them succeed.",2,3,1375,275
"went for a group dinner, meatballs were amazing, the other food was kinda egh, also a bit pricey, decor was nice. Probably go there again if it was for a date.",2,3,159,31
"What a great company!\n\nThe office staff was friendly and helpful. I believe the girls name was Nicole that I spoke to. She was polite and got me on the schedule right away. Even when I had to reschedule at the last minute, Thom (the owner) was accomodating to my needs. I don't remember the technician's name that came to my home, but he explained everything to me as he was performing the work. He answered all my questions. I was also pleased with the pricing...they didn't have a trip charge like the other electricians I checked out. TAP and Sons is an all-around fantastic company that I will be using exclusively from here on out for all my electrical needs!!",4,5,667,120
"For me, it's all about the soup, but they do have salads and sandwiches as well. I usually have the combo with a salad and a bowl of soup. They have a variety of stock salads or you can choose your own ingredients. I like the Chicken Chop Salad(chicken, sliced egg, bacon, and black olives) and always, but always, the Lobster Bisque. I could probably just order a couple bowls of this bisque and be happy! It's delicious! Their salads are good, but they'd be better if they didn't skimp on the toppings.Their sandwiches are served on a nice pannini bread with enough filling to satisfy. With the soups and salads, you also get a slice of fresh baguette....and always a chocolate-covered strawberry to finish. They have some amazing desserts, but the Creme Brulee is to die for!",3,4,778,138
"Day two of the restaurant being open so all the staff were on their toes.  Tried the Buddy's Salumi & Cheese Board (olives, pickled vegetables, grilled Italian bread, genoa salami, spicy capicola, proscuitto di parma, grana padano, tuscan pecorino, and gorgonzola).  The capicola and proscuitto were the best I've ever had and the gorgonzola was epic - bleu cheese flavor with the texture of brie.  Cheeseburger at an Italian restaurant?  You bet because the Pat Lafrieda Burger (brioche bun, tomato aioli, provolone cheese, tuscan fries) was really tasty.  The tiramisu was the best I've had anywhere.\n\nAsk for a table bordering the outside perimeter windows for great views of The Strip.  Bring your camera to take pictures of the incredible entree cakes Buddy and his team made.",3,4,783,126
"If we could get my g-parents network switched over, I'd NEVER have them return to this St Lukes.  Quality of care seriously depends on who's on shift and what floor you're on.  Cath-Lab and ICU staff has always been fantastic, but staff on the 7th floor is a hit or a miss.  Likewise with staff in the ER. \n\nSeriously makes me wonder WHY some people get into the medical field, when they clearly are not cut out for working in that type of environment.",1,2,454,84
"No the happiest w/ the fact that they charged me $427 for a fuel pump and after the fact I looked it up on Auto Zone and they had the same one in stock for $220! I guess since it was oem I can't complain to much.  But the employees were nice and helpful. They were definitely one worked and under manned. There were two mechanics, like 7 bays and most with cars waiting to be services. I watched and saw, they were hopping between all the vehicles doing a little work on each. Not sure how effective this approach is but what else can they do with such limited workforce? I ended up spending all afternoon there and having to ultimately leave my truck for them to finish it up while they were closed. Their employees are definitely hard workers and did a great job with my truck. Thankfully I have a significant other to pick me up and drop me off in the morning otherwise, not sure what I would've done. Was there from about 1:30 until 7p before finding out it was going to have to stay over night.",2,3,999,192
"Great selections of beer from the local micro brewery.  I only wish I had more time to eat. The menu offers a good selection of better than average airport food. Decent prices without gouging the travellers. Much appreciate the fast service, knowledgable staff, and beer descriptions.",3,4,284,46
"I really wish this review could be great because my wife and I love other mellow mushrooms were we have dined and very happy to have one now uptown. However, the Uptown location doesn't quite seem to be ready for prime time business.  Lack of staff but plenty of seating.  Be prepared to wait.  I can say the food was good after waiting 2 hours to get our food.",1,2,361,69
"If I could leave 0 stars I would like that option . I love the hotel I go to Vegas quite often and encore is always my top pick for a stay. Unfortunately, I had my first bad experience due to the security . My friend and I used the bathroom then we were going to proceed to xs. But a head security manager made a call to stop my\nFriend and I for no reason whatsoever. There were 2 of them one I believe  was Robert and Jeff. They approached us asking for our IDS for no reason and didn't ask us why we there . We showed no signs of any illegal activity nor did we look the part . Jeff held our IDS and continued to bend them and they were  spelling our names to their manager . This took about a good\n10-15 mins . People began to notice and started calling us names due to the public humiliation . We spoke to lee who was the manager at the time and he basically showed no  remorse and said 2 comments \"" we wanna weed them out \"" and \"" do you want me to sugar coat it for you guys \"" . If this is the type of people you hire it can lead to a serious problem .  Due to what occurred outside the club we still proceeded to go to xs yet to find to our surprise men were harassing us inside the club thinking we were escorts . It was the worst feeling a woman can ever have and this needs to be resolved . I will take this further .",0,1,1332,277
"This review is long overdue! I thought I had already written it, but apparently in the craziness of finals I forgot. Anyways, onto my review...\n\nAfter driving back from California a couple months ago, my check engine light came on and my car was shaking like crazy. Upon referral from a friend, and after reading all the Yelp reviews, I decided to bring my car (Honda CRV) into Valley Automotive. Boy was I glad I did! I got an initial estimate from KC and his staff, but after doing some work it ended up that there was more wrong with my car than was initially thought. However, rather than me having to pay for the additional fixes, KC offered to foot the bill! I was shocked, but forever grateful! The thing that sets Valley Automotive apart from most other auto shops is they care about their customers and want to do right by them. As a graduate student with little money, I appreciate the honest business and work that KC and his staff do at Valley Automotive. I happily referred a friend to them so she could get a second opinion after taking her car to another shop. Valley Automotive saved her money and she was equally as impressed with the service she received!\n\nApparently my car doesn't like the Vegas heat (who does like 115 degree weather?!) and I noticed that it is leaking coolant. I will gladly be taking my car back to Valley Automotive and doing business with KC and his team again!",4,5,1407,254
"I had the good fortune to have my birthday dinner here tonight and it was really one of the best meals I have ever had....really.\n\nI opted for the dover sole that was deboned table side...(gasp). I mean who goes to a steakhouse to have fish,right?  It was cooked to perfection. \n\nDefinitely the place for a special night out...the view is gorgeous.",4,5,352,61
"Not that great. I would say out of the three dishes we ordered, we only enjoyed the biscuits that came before our meal. We got the meatloaf (dry and bland, almost like eating a cheap burger patty); \""fried chicken\"" (more like salty country fried steak); and the salmon with salad (meager portions for the price). The biscuits were nice and fluffy but OH MY GOODNESS why is their other food so terrible? Not only is it poorly made and prepared but it took us an hour to get our food! This wasn't even during their busy hours. Severely disappointed in the food though and will not be coming back a second time. \n\nIt seems like there's a lot of hype surrounding this place and maybe because it's a cool casual ambiance on top of a building, but I say don't bother. Expensive for the quality of food and nothing very outstanding in their menu.",1,2,842,154
"This is the best Arby's around! The wait is a little long sometimes, but the always get your order right and your food is always fresh. They often send coupons out in the mail and in the Centennial View, also they usually have other rotating deals in house. Nothing really to complain about there, they make sure the food on your tray if in your bag really is Good Mood Food! ;-)",3,4,379,72
"I love this place, great food and atmosphere, but on my last visit wasn't impress with new addition to menu",3,4,107,20
"In Short: Average Sushi, not much imagination, but the happy hour is awesome.\n\nI probably wouldn't go here on a regular basis if the happy hour isn't so good.  The location is pretty nice as well, conveniently located around the heart of tempe, and pretty close to ASU as well.  The interior is decorated \""asian\"" style but it has some quirkiness to it as well.  There are two main areas to dine, one is by bar and the other is the main dining hall.  The staff is pretty nice too, mostly college kids.  \n\nIt's your average sushi place, you got various types of maki, then a decent collection of nagiri, but not a lot of variation in sashimi.  I find most of the maki to have too much rice, and it's packed pretty hard, making it a bit too glutenous.  There are o specialty \""wow\"" items on the menu, just the basics.  What makes this place decent is the happy hour.  Not every item is in it but it's pretty comprehensive.  Most of the items are a few dollars off and some of them even half price.  Five dollar saki bommers are the real star here.  I'd recommend this place for happy hour but as for the sushi it is sub-par.",2,3,1128,210
"This store always looks like a bomb went off. Every time I visit this location it is unorganized, messy, and it smells weird. The messiness makes it very difficult to find things, which can be really frustrating.",1,2,212,37
"Oh...my...lanta! I can't believe I haven't visited this little gem sooner! It's nestled atop a Pei Wei and Starbucks so I wasn't sure what to expect.  But from the moment I walked up the dimly light stairway and into the bar, I knew it was going to be a great night.  So first off, they open at 4 and happy hour is until 7pm.  (20% off everything on Sundays!!). They have a huge selection of different booze and brews and their specialty cocktails are definitely something that sets them apart from other bars.  I loves me some Moscow Mule, so when I saw that they had one on the menu (in a real copper mug!!) I ordered one immediately.  It was so tastilicious that I had to order a second.  For my next drink, I tried the Retro Cooler, which in my opinion, is as cool as it gets...think Matthew McConaughey in Dazed and Confused.  It's a mix of St. Germaine (Elderflower liquer) with Champagne and a lemon twist.  It went down the ole' hatch super easy, though, so be careful!  The second time I enjoyed this bar I ordered the White Rabbit (no...it's not vegan and they don't have a milk substitute...I cheated!)  It has Godiva White Chocolate liquer, horchata, stoli vanilla and some other yumness.  This one tasted like candy and I drank it in about five seconds.  Anyway, besides the drinks, they also have a few light snacks like hummus, artichoke dip, etc.  The vibe in this place is super chill and I really dig the way the bar is set up; the backdrop has big circle cutouts with yellow lights behind. There are comfy couches and high top tables and of course seats at the bar.  I almost felt like I was going to see Shane and Alice from the L Word walk in.  On our last visit, it was pretty busy as it was a holiday weekend and there was a dj.  The people of SideBar definitely know what they're doing and I will certainly be back!",4,5,1839,342
Thanks to yelp and the reviews I had a very nice haircut and a friendly conversation. Traveling through an unfamiliar area and trying to find a good barber would've been a bear. All the other reviews were absolutely accurate so I won't repeat. But the top was I got the haircut and hot towel at the senior rate of $14. I am so happy that I signed up with yelp just to write this review.,4,5,386,75
"Visited Scottsdale this weekend and was directed, by a local, to try Zips as a good sportsbar that would be close to our hotel.\n\nNursing a killer hangover from the night before, I ordered  a Coke to begin with.   The Coke tasted like they have moldy lines or something.   A couple other guys I was with ordered Mr. Pibb and each of their drinks had the same \""musty\"" taste as well.\n\nI had the jalepeno burger and fries and they were both pretty good.  Nothing out of this world, but decent.\n\nThe service was terrible.  Actual exchange between my friend and the waitress:\n\nfriend: I'll have the Caesar salad.\nwaitress: chicken caesar salad?\nfriend: No, just a regular caesar salad.\nwaitress: what kind of dressing do you want with that?\nfriend: I'll have the ranch (ok he didn't actually say this part, but i wish he would have)\n\nit's a freakin' CAESAR SALAD! Without the caesar dressing it's just a salad.  \n\nFood was OK. Service was...curious.  Beverages were bad.",1,2,982,160
"Wood paneling, a great (though expensive wine list), and a Goodfellas feel to this hidden gem that has been in business for 35 years.\n\nAn above average selection of pasta standards including squid ink fettuccine, and pesto made with basil so fresh it took on a different flavor.  The beer selection is poor, however the above average wine list made up for it.\n\nMany varieties of scalopini, soups and fresh seafood, makes this more than just a pasta joint.\n\nService is friendly and professional.  I will be back.",3,4,517,85
"Five stars for the low-slung bar for and manned by midg--ahem, I mean, little people.  But that in itself is not the entirety of the place.  If there's any place in Scottsdale that screams Klassy, this would be it. \n\nGiligin's tugs at the senses like a trashy but fun cousin would, whether it's the sticky floors, the tacky wheel of misfortune, the swing hanging randomly in the bar, the refrigerated cases behind the bar like you're at a liquor store or the nightly promotion gimmicks - goldfish races, anyone?  They have a menu, but I will admit I'm scared to try the food here.\n\nWe came here a couple of weeks ago in the hoopla that was FBR Super Bowl weekend and after ditching all places on Scottsdale Road, we ended up here.  We had a blast before and after the $1 jello shots, and I even got some rad photos with the Captain Morgan's guy.  Later, I found myself walking around with a giant Coors Light, while being soundly defeated by a visiting Wisconsinite girl in a rousing game of beanbag toss. Midwestern bar games were never my thing.",2,3,1051,189
"they charge a 10% restocking fee. The employees will not tell you about it till you bring the item back, even if you ask about the return process.",0,1,146,28
"Last time I stayed here was three years ago - stayed for three nights. This time was for one overnight only.\n\nThe AC in my room was not working well. It was enough to cool off the room - but it still felt a tad on the humid side. Again, another really old hotel with an inefficient, antiquated central AC system. Given the nature of this building, I doubt they could ever retrofit the building with the necessary HVAC infrastructure to improve it. I could be wrong.\n\nOne plus over the last time I stayed here is that the old analog style, CRT-based TVs are now gone - at the least in the room I stayed in had a newer flat panel HD TV set.\n\nAs before in my previous review:\n\n- If you are staying here - please note the hotel does not have a convenience store - they have a very limited number of items for sale down by the front desk. If you are in need of toiletries, beverages, snacks and other items - there is a 7-Eleven down the street - and a CVS and a Rite Aid an additional block or so further - BUT - be forewarned - none of these three options stays open very late.  We attempted to visit both the above 7-11 and CVS - but it was after 10:00 pm and three years later they ar still keeping the same limited hours.\n\nAnd you can't get any food at the Braddock Bar in the Hotel lobby after 10:00 pm or so. Very annoying.",2,3,1335,258
"I arrived for a simple pedi/mani, everyone was friendly but the end result was horrible. I picked 2 different colors one for my toes and one for my fingernails. When I got home, every single one of my fingernails were lumpy, what seemed like air bubbles, and my toe nails didn't have an even coat of nail polish. \nThe next day I went back and the nail artist decided to give me multiple reasons why the nail polish was lumpy, instead of just apologizing. I ended up asking for a simple French tip with clear coat.\nAnd to sum up my experience, once the French mani was complete, the reasoning for the lumpiness was their clear top coat.\nNever coming back here !",0,1,663,121
"I really wish I would have liked this place more, especially because I was super excited to finally try it. Actually, when I first walked in, I kind of fell in love. The atmosphere is relaxed and our server was super friendly, gave us time and answered any questions we had. \n\nWe ordered the Chicago and the Las Vegas hot dog with the natural Italian fries on the side. The fries came out first and unfortunately they were just ok. Too much parmesan cheese, too salty and too fatty and they got soggy very quick. The hot dogs were ok, almost too much of everything in my opinion. \n\nThen, as soon as we walked out of this place, I ended up having an upset stomach that lasted all day. But this also could be due to me eating generally organic and healthy and perhaps my body doesn't like fatty food anymore. My husband was ok and he ate the same as I did, so I don't think the meat was bad. Regardless, I didn't like it enough to go back any time soon, but if I did, I think I would stay away from all the loaded hot dogs and try a simple one or get a sandwich.",2,3,1064,208
"Ate here last nite. Ordered Masaman curry with only vegetables, my friend ordered silver noodles with shrimp. My curry was not that good to heavy, and thick. vegetables were lacking not too many. And the few vegetables that were in the curry were diced up very thinly and overcooked. very disappointing. I ordered brown rice which costs $2. And the small bowl was not even full. less than half full. my friend said his silver noodles were just ok. vegetables were overcooked. and their were not much noodles. The manager or owner or both came over and sat at our table to ask us how we liked our food. I metioned about the vegetables and my friend metioned about the overcooked veggies. and She was very gracious and asked us to come back and to make a special  request as to how we want the food. That was refreshing and made us feel validated. \n\nBefore we went to eat their we called to find out if they used MSG and the person on the phone said that \""no they did not use MSG\"" so with that we decieded to go there to eat. \n\nI found out they do use MSG. As I woke up last nite with a splitting headache the type of headache I only get if I consume MSG. \n\nIt sad because I wanted to give this place another try. however I don't think I will return they use MSG and that is poison and it makes me sick.",1,2,1309,251
"I've been wanting to see what all the hype about this place is for quite some time, but I am firmly against waiting for multiple hours to eat at a restaurant.  Now that this location exists and I don't have to venture to downtown PHX to eat there, we decided a visit was in order.  I was skeptical about PB's amazingness before eating here, so my expectations really weren't that high.  \n\nWe ordered the Wiseguy pizza and added mushrooms. The real star of the pie was the mushroom and also the fennel sausage.  It comes in slices instead of chunks on the pizza.  The wiseguy is a \""white pizza\"" which normally doesn't thrill me, but I actually didn't miss the tomato sauce.  Would I go out of my  \nfor PB pizza?  Nope.  It was good, but nothing so special that I would absolutely have to have it again.  \n\nThe service at this location was good.  Our iced tea was constantly being filled and the server left us alone when we were deep in conversation. \n\nThe main reason that I just can't give PB another star is the sheer lack of variety on the menu.  We went to lunch, where there were 3 options for salads and two of the options really weren't salads at all.  There are only a few pasta options and a few pizza options.  My hubby wasn't all that thrilled with what he had to choose from.  Yelp doesn't believe in half stars, but if they did, I'd give PB 3.5 stars.  (sorry, I don't usually round up).",2,3,1409,261
"This is a good place for lunch. I took the family here for dinner once and it seems like the dinner portions are twice the cost for the same amount of food you get in the lunch plate.\n\nThe food is cooked fresh instead of sitting on a steam table for hours, and they will customize (light sauce, extra garlic, no green peppers, etc) without adding $1 for every change you make.",3,4,378,71
"I've always wanted to see the Lion King on stage since I've always heard good things about it from friends. I loved the movie and I suspect there wouldn't be anything I'd dislike about this show.\n\nThe opening was simply marvelous with all the colors, costumes, choreography tied together with the music. It brought me back to when I was 8 years old again. I loved it! But as the show went on, I began to realize that it was too much like the movie. It left no excitement for me since I already knew what was going to happen. Aside from some small minor changes, it was like watching the movie again.\n\nThe theater was cramped and the snacks were ridiculously expensive. Was it me or did the small bag of $4 \""gourmet popcorn\"" taste dry as if it's been bagged 5 days ago?\n\nAlthough I would've liked to see a little more difference between the movie and the broadway, I thought the show was a good show. The Lion King is a great story and told wonderfully whether through a movie or a broadway show. All in all, I am glad that I was able to catch it before it's cancellation and I think that anyone who's a fan of the Lion King should, it's worth it.",3,4,1154,216
